DateTime,Entries,UniqueIPs
1601665305,61,61
1601667235,60,60
1601669096,65,65
1601670971,65,65
1601672962,64,64
1601674812,65,65
1601676758,64,64
1601680744,61,61
1601682757,60,60
1601684649,59,59
1601686574,59,59
1601688514,58,58
1601690534,59,59
1601692357,61,61
1601694259,62,62
1601696198,66,66
1601698097,70,70
1601700013,76,76
1601701957,77,77
1601703850,82,82
1601705770,85,85
1601707711,94,94
1601709610,98,98
1601711528,103,103
1601713477,108,108
1601715406,111,111
1601717294,111,111
1601719271,112,112
1601721134,105,105
1601723297,108,108
1601725208,107,107
1601727154,108,108
1601729053,110,110
1601730969,111,111
1601732917,113,113
1601734809,117,117
1601736730,117,117
1601740570,118,118
1601742489,118,118
1601744486,120,120
1601746333,121,121
1601748254,121,121
1601750196,118,118
1601752100,120,120
1601754012,123,123
1601755961,130,130
1601757853,133,133
1601759775,136,136
1601761715,138,138
1601763612,142,142
1601765531,145,145
1601767482,149,149
1601769371,151,151
1601771294,155,155
1601773320,155,155
1601775139,163,163
1601777073,168,168
1601779002,171,171
1601780903,171,171
1601782817,173,173
1601784761,170,170
1601786659,165,165
1601788570,166,166
1601790520,167,167
1601792413,168,168
1601794333,170,170
1601796279,172,172
1601798177,166,166
1601800091,162,162
1601802122,162,162
1601803940,157,157
1601805854,158,158
1601807797,160,160
1601809711,158,158
1601811610,159,159
1601813564,157,157
1601815451,156,156
1601817372,155,155
1601819318,152,152
1601821212,148,148
1601823132,147,147
1601825088,151,151
1601826973,151,151
1601828892,151,151
1601830893,155,155
1601832741,152,152
1601834653,150,150
1601836603,151,151
1601838495,150,150
1601840415,150,150
1601842364,142,142
1601844254,143,143
1601846178,141,141
1601848121,141,141
1601850015,138,138
1601851936,138,138
1601853883,135,135
1601855779,137,137
1601857694,138,138
1601859689,147,147
1601861531,142,142
1601863461,137,137
1601865396,137,137
1601867298,139,139
1601869114,139,139
1601870926,138,138
1601872839,140,140
1601874791,136,136
1601876652,134,134
1601878576,134,134
1601880533,124,124
1601882447,121,121
1601884357,123,123
1601886296,127,127
1601888225,130,130
1601890117,131,131
1601892098,130,130
1601893963,127,127
1601896100,125,125
1601898012,125,125
1601899964,126,126
1601901855,124,124
1601903775,124,124
1601905721,126,126
1601907617,131,131
1601911480,127,127
1601913372,126,126
1601915534,131,131
1601917461,126,126
1601919407,134,134
1601921298,137,137
1601923216,141,141
1601925163,142,142
1601927052,142,142
1601928973,139,139
1601930918,139,139
1601932813,139,139
1601934731,150,150
1601936685,151,151
1601938572,152,152
1601940738,150,150
1601942655,147,147
1601944604,144,144
1601946497,138,138
1601948417,133,133
1601950362,132,132
1601952256,127,127
1601954173,121,121
1601956307,116,116
1601958278,114,114
1601960174,114,114
1601962090,112,112
1601964102,110,110
1601965943,107,107
1601967860,104,104
1601969798,100,100
1601971699,97,97
1601973613,93,93
1601975564,90,90
1601977454,89,89
1601979376,88,88
1601985135,84,84
1601987079,83,83
1601988972,82,82
1601990894,81,81
1601992852,78,78
1601994738,75,75
1602000496,79,79
1602002419,77,77
1602004358,73,73
1602006252,67,67
1602008171,62,62
1602010118,59,59
1602012013,58,58
1602013934,56,56
1602017772,53,53
1602021634,42,42
1602023535,39,39
1602025480,38,38
1602027378,40,40
1602029298,41,41
1602031238,40,40
1602033379,38,38
1602037239,40,40
1602043000,39,39
1602044896,37,37
1602046886,38,38
1602048769,40,40
1602050656,40,40
1602052578,45,45
1602054530,45,45
1602060279,45,45
1602062173,49,49
1602066253,49,49
1602068203,50,50
1602075857,51,51
1602081613,50,50
1602083569,51,51
1602085452,50,50
1602087399,48,48
1602089292,46,46
1602093158,49,49
1602096972,47,47
1602098919,45,45
1602100877,43,43
1602102738,45,45
1602104682,45,45
1602106576,44,44
1602108522,45,45
1602110415,45,45
1602112334,43,43
1602114288,42,42
1602116173,39,39
1602121937,42,42
1602123886,40,40
1602125782,44,44
1602127697,45,45
1602129701,47,47
1602131537,50,50
1602133462,51,51
1602135406,49,49
1602139218,44,44
1602141167,47,47
1602143071,49,49
1602144974,50,50
1602146921,49,49
1602148818,50,50
1602150737,52,52
1602152685,55,55
1602154578,54,54
1602158657,56,56
1602160607,58,58
1602162501,57,57
1602164422,58,58
1602170175,57,57
1602172122,56,56
1602175936,57,57
1602177884,58,58
1602179780,57,57
1602181721,57,57
1602183658,58,58
1602185535,59,59
1602187487,62,62
1602189375,63,63
1602191297,62,62
1602195143,62,62
1602197059,62,62
1602198980,62,62
1602200892,63,63
1602202842,61,61
1602204734,63,63
1602206659,64,64
1602208605,62,62
1602210495,64,64
1602212501,62,62
1602214361,64,64
1602216254,66,66
1602218136,64,64
1602220120,63,63
1602222013,65,65
1602225879,66,66
1602227769,64,64
1602229936,63,63
1602231857,61,61
1602233805,63,63
1602235692,62,62
1602237654,59,59
1602239569,57,57
1602241455,58,58
1602245328,56,56
1602247214,55,55
1602249138,54,54
1602252975,55,55
1602260657,57,57
1602262601,59,59
1602264493,60,60
1602266430,62,62
1602268365,63,63
1602270259,62,62
1602272174,60,60
1602274127,60,60
1602276015,59,59
1602277936,62,62
1602279884,63,63
1602281771,63,63
1602283695,63,63
1602285642,62,62
1602287533,68,68
1602289456,75,75
1602291405,80,80
1602293293,80,80
1602295277,82,82
1602297162,82,82
1602299065,80,80
1602300976,76,76
1602302928,73,73
1602304815,72,72
1602306740,70,70
1602308683,68,68
1602310575,71,71
1602312491,72,72
1602314445,71,71
1602316333,72,72
1602318258,74,74
1602320205,72,72
1602322094,71,71
1602324077,71,71
1602325967,70,70
1602327854,69,69
1602333617,71,71
1602335537,72,72
1602339372,71,71
1602347053,70,70
1602349001,67,67
1602350892,68,68
1602352849,65,65
1602354738,63,63
1602358603,63,63
1602360496,61,61
1602362417,60,60
1602364366,57,57
1602366251,56,56
1602368415,54,54
1602370341,53,53
1602372286,49,49
1602374175,45,45
1602376343,38,38
1602378256,33,33
1602380203,32,32
1602382095,33,33
1602384016,32,32
1602385966,33,33
1602387858,34,34
1602391722,33,33
1602397479,29,29
1602399373,28,28
1602401292,27,27
1602403259,24,24
1602405132,25,25
1602408997,24,24
1602418573,23,23
1602420518,22,22
1602422414,21,21
1602424335,22,22
1602432120,21,21
1602437799,18,18
1602445457,17,17
1602449327,16,16
1602453136,19,19
1602458892,17,17
1602462734,16,16
1602464659,15,15
1602466603,14,14
1602468502,12,12
1602470414,11,11
1602472364,8,8
1602478119,8,8
1602487696,6,6
1602491538,5,5
1602507165,10,10
1602511006,9,9
1602512894,12,12
1602520575,13,13
1602534043,14,14
1602535933,15,15
1602539800,12,12
1602545567,15,15
1602551331,16,16
1602553219,17,17
1602564735,16,16
1602589691,19,19
1602593565,16,16
1602599321,13,13
1602606975,12,12
1602609142,13,13
1602611058,14,14
1602620657,13,13
1602632175,12,12
1602634131,11,11
1602637937,10,10
1602639886,8,8
1602645644,11,11
1602659055,9,9
1602676337,6,6
1602678285,9,9
1602684046,10,10
1602695782,10,10
1602697695,10,10
1602699650,11,11
1602701534,12,12
1602711166,13,13
1602731089,10,10
1602756045,9,9
1602759861,12,12
1602763700,9,9
1602765617,12,12
1602771617,11,11
1602777380,12,12
1602781357,13,13
1602783402,12,12
1602785289,11,11
1602789141,10,10
1602794894,13,13
1602798773,12,12
1602804527,15,15
1602852738,14,14
1602868130,12,12
1602877698,7,7
1602879654,6,6
1602881549,5,5
1602883462,6,6
1602885403,7,7
1602891173,4,4
1602894979,6,6
1602924021,9,9
1602937457,12,12
1602948983,13,13
1602964370,12,12
1602968176,11,11
1602970122,10,10
1603004684,8,8
1603006574,10,10
1603010444,7,7
1603020013,9,9
1603021998,10,10
1603023856,7,7
1603035377,6,6
1603048846,7,7
1603050743,8,8
1603056496,10,10
1603088170,11,11
1603093932,9,9
1603097803,8,8
1603107370,5,5
1603136414,4,4
1603144092,2,2
1603174813,1,1
1603178654,2,2
1603180589,4,4
1603219211,7,7
1603223050,8,8
1603230729,9,9
1603259563,11,11
1603263372,12,12
1603272974,11,11
1603288339,10,10
1603305885,7,7
1603307773,8,8
1603309695,7,7
1603317431,6,6
1603322435,4,4
1603324325,5,5
1603345484,6,6
1603349290,5,5
1603383883,6,6
1603393473,5,5
1603397348,6,6
1603431862,3,3
1603445548,2,2
1603455181,3,3
1603470518,2,2
1603472449,3,3
1603476525,4,4
1603482282,5,5
1603484171,4,4
1603489979,6,6
1603491856,8,8
1603850941,3,3
1603868202,6,6
1603889322,7,7
1603895054,8,8
1603899144,10,10
1603906854,12,12
1603910657,14,14
1603916414,13,13
1603918361,14,14
1603922170,15,15
1603924122,18,18
1603929904,16,16
1603933956,19,19
1603947373,20,20
1603952179,21,21
1603954095,18,18
1603963708,21,21
1603973347,23,23
1603977136,22,22
1603984845,22,22
1603992494,23,23
1603994492,22,22
1606465243,12,12
1606469056,11,11
1606470999,10,10
1606472896,8,8
1606474833,7,7
1606476761,6,6
1606480574,7,7
1606494046,10,10
1606497886,27,27
1606505537,27,27
1606528573,25,25
